Workbook

Sheet Параметры
A1: Параметр | B1: Значение | C1: Единица | E1: Расчётные величины
A2: Плотность B₄C | B2: 2.52 | C2: г/см³ | E2: sigma_lambda, cm² | F2: =B6*B7/B8*1E-24 -> 3.84e-21
A3: Молярная масса B₄C | B3: 55.26 | C3: г/моль | E3: n_10B, природный бор, см⁻³ | F3: =4*B2/B3*B10*B4 -> 2.1970025e+22
A4: Доля ¹⁰B для природного бора | B4: 0.2 | C4: доля | E4: n_10B, обогащённый бор, см⁻³ | F4: =4*B2/B3*B10*B5 -> 9.8865112e+22
A5: Доля ¹⁰B для обогащённого бора | B5: 0.9 | C5: доля | E5: Sigma, природный бор, см⁻¹ | F5: =F3*F2 -> 84.364896
A6: Сечение захвата при 1.8 Å | B6: 3840 | C6: барн | E6: Sigma, обогащённый бор, см⁻¹ | F6: =F4*F2 -> 379.64203
A7: Длина волны нейтронов | B7: 1.8 | C7: Å
A8: Нормировочная длина волны | B8: 1.8 | C8: Å
A9: Угол между пучком и поверхностью | B9: 90 | C9: градусы
A10: Постоянная Авогадро | B10: 6.0221408e+23 | C10: моль⁻¹

Sheet Расчет
A1: Толщина покрытия B₄C, нм | B1: Вероятность захвата, природный бор | C1: Вероятность захвата, обогащённый бор | E1: Образец | F1: Номинальная толщина, нм | G1: P, природный бор | H1: P, обогащённый бор
A2: 0 | B2: =1-EXP(-((4*Параметры!$B$2/Параметры!$B$3*Параметры!$B$10*Параметры!$B$4)*(Параметры!$B$6*Параметры!$B$7/Параметры!$B$8*1E-24))*(A2*0.0000001)/SIN(RADIANS(Параметры!$B$9))) -> 0 | C2: =1-EXP(-((4*Параметры!$B$2/Параметры!$B$3*Параметры!$B$10*Параметры!$B$5)*(Параметры!$B$6*Параметры!$B$7/Параметры!$B$8*1E-24))*(A2*0.0000001)/SIN(RADIANS(Параметры!$B$9))) -> 0 | E2: B₄C-50 | F2: 50 | G2: =1-EXP(-((4*Параметры!$B$2/Параметры!$B$3*Параметры!$B$10*Параметры!$B$4)*(Параметры!$B$6*Параметры!$B$7/Параметры!$B$8*1E-24))*(F2*0.0000001)/SIN(RADIANS(Параметры!$B$9))) -> 0.00042173552 | H2: =1-EXP(-((4*Параметры!$B$2/Параметры!$B$3*Параметры!$B$10*Параметры!$B$5)*(Параметры!$B$6*Параметры!$B$7/Параметры!$B$8*1E-24))*(F2*0.0000001)/SIN(RADIANS(Параметры!$B$9))) -> 0.0018964097
A3: 10 | B3: =1-EXP(-((4*Параметры!$B$2/Параметры!$B$3*Параметры!$B$10*Параметры!$B$4)*(Параметры!$B$6*Параметры!$B$7/Параметры!$B$8*1E-24))*(A3*0.0000001)/SIN(RADIANS(Параметры!$B$9))) -> 8.4361337e-05 | C3: =1-EXP(-((4*Параметры!$B$2/Параметры!$B$3*Параметры!$B$10*Параметры!$B$5)*(Параметры!$B$6*Параметры!$B$7/Параметры!$B$8*1E-24))*(A3*0.0000001)/SIN(RADIANS(Параметры!$B$9))) -> 0.00037956998 | E3: B₄C-100 | F3: 100 | G3: =1-EXP(-((4*Параметры!$B$2/Параметры!$B$3*Параметры!$B$10*Параметры!$B$4)*(Параметры!$B$6*Параметры!$B$7/Параметры!$B$8*1E-24))*(F3*0.0000001)/SIN(RADIANS(Параметры!$B$9))) -> 0.00084329319 | H3: =1-EXP(-((4*Параметры!$B$2/Параметры!$B$3*Параметры!$B$10*Параметры!$B$5)*(Параметры!$B$6*Параметры!$B$7/Параметры!$B$8*1E-24))*(F3*0.0000001)/SIN(RADIANS(Параметры!$B$9))) -> 0.003789223
A4: 20 | B4: =1-EXP(-((4*Параметры!$B$2/Параметры!$B$3*Параметры!$B$10*Параметры!$B$4)*(Параметры!$B$6*Параметры!$B$7/Параметры!$B$8*1E-24))*(A4*0.0000001)/SIN(RADIANS(Параметры!$B$9))) -> 0.00016871556 | C4: =1-EXP(-((4*Параметры!$B$2/Параметры!$B$3*Параметры!$B$10*Параметры!$B$5)*(Параметры!$B$6*Параметры!$B$7/Параметры!$B$8*1E-24))*(A4*0.0000001)/SIN(RADIANS(Параметры!$B$9))) -> 0.00075899588 | E4: B₄C-200 | F4: 200 | G4: =1-EXP(-((4*Параметры!$B$2/Параметры!$B$3*Параметры!$B$10*Параметры!$B$4)*(Параметры!$B$6*Параметры!$B$7/Параметры!$B$8*1E-24))*(F4*0.0000001)/SIN(RADIANS(Параметры!$B$9))) -> 0.0016858752 | H4: =1-EXP(-((4*Параметры!$B$2/Параметры!$B$3*Параметры!$B$10*Параметры!$B$5)*(Параметры!$B$6*Параметры!$B$7/Параметры!$B$8*1E-24))*(F4*0.0000001)/SIN(RADIANS(Параметры!$B$9))) -> 0.0075640878
A5: 30 | B5: =1-EXP(-((4*Параметры!$B$2/Параметры!$B$3*Параметры!$B$10*Параметры!$B$4)*(Параметры!$B$6*Параметры!$B$7/Параметры!$B$8*1E-24))*(A5*0.0000001)/SIN(RADIANS(Параметры!$B$9))) -> 0.00025306266 | C5: =1-EXP(-((4*Параметры!$B$2/Параметры!$B$3*Параметры!$B$10*Параметры!$B$5)*(Параметры!$B$6*Параметры!$B$7/Параметры!$B$8*1E-24))*(A5*0.0000001)/SIN(RADIANS(Параметры!$B$9))) -> 0.0011382778 | E5: B₄C-400 | F5: 400 | G5: =1-EXP(-((4*Параметры!$B$2/Параметры!$B$3*Параметры!$B$10*Параметры!$B$4)*(Параметры!$B$6*Параметры!$B$7/Параметры!$B$8*1E-24))*(F5*0.0000001)/SIN(RADIANS(Параметры!$B$9))) -> 0.0033689083 | H5: =1-EXP(-((4*Параметры!$B$2/Параметры!$B$3*Параметры!$B$10*Параметры!$B$5)*(Параметры!$B$6*Параметры!$B$7/Параметры!$B$8*1E-24))*(F5*0.0000001)/SIN(RADIANS(Параметры!$B$9))) -> 0.01507096
A6: 40 | B6: =1-EXP(-((4*Параметры!$B$2/Параметры!$B$3*Параметры!$B$10*Параметры!$B$4)*(Параметры!$B$6*Параметры!$B$7/Параметры!$B$8*1E-24))*(A6*0.0000001)/SIN(RADIANS(Параметры!$B$9))) -> 0.00033740265 | C6: =1-EXP(-((4*Параметры!$B$2/Параметры!$B$3*Параметры!$B$10*Параметры!$B$5)*(Параметры!$B$6*Параметры!$B$7/Параметры!$B$8*1E-24))*(A6*0.0000001)/SIN(RADIANS(Параметры!$B$9))) -> 0.0015174157
A7: 50 | B7: =1-EXP(-((4*Параметры!$B$2/Параметры!$B$3*Параметры!$B$10*Параметры!$B$4)*(Параметры!$B$6*Параметры!$B$7/Параметры!$B$8*1E-24))*(A7*0.0000001)/SIN(RADIANS(Параметры!$B$9))) -> 0.00042173552 | C7: =1-EXP(-((4*Параметры!$B$2/Параметры!$B$3*Параметры!$B$10*Параметры!$B$5)*(Параметры!$B$6*Параметры!$B$7/Параметры!$B$8*1E-24))*(A7*0.0000001)/SIN(RADIANS(Параметры!$B$9))) -> 0.0018964097
A8: 60 | B8: =1-EXP(-((4*Параметры!$B$2/Параметры!$B$3*Параметры!$B$10*Параметры!$B$4)*(Параметры!$B$6*Параметры!$B$7/Параметры!$B$8*1E-24))*(A8*0.0000001)/SIN(RADIANS(Параметры!$B$9))) -> 0.00050606128 | C8: =1-EXP(-((4*Параметры!$B$2/Параметры!$B$3*Параметры!$B$10*Параметры!$B$5)*(Параметры!$B$6*Параметры!$B$7/Параметры!$B$8*1E-24))*(A8*0.0000001)/SIN(RADIANS(Параметры!$B$9))) -> 0.0022752598
A9: 70 | B9: =1-EXP(-((4*Параметры!$B$2/Параметры!$B$3*Параметры!$B$10*Параметры!$B$4)*(Параметры!$B$6*Параметры!$B$7/Параметры!$B$8*1E-24))*(A9*0.0000001)/SIN(RADIANS(Параметры!$B$9))) -> 0.00059037993 | C9: =1-EXP(-((4*Параметры!$B$2/Параметры!$B$3*Параметры!$B$10*Параметры!$B$5)*(Параметры!$B$6*Параметры!$B$7/Параметры!$B$8*1E-24))*(A9*0.0000001)/SIN(RADIANS(Параметры!$B$9))) -> 0.0026539662
A10: 80 | B10: =1-EXP(-((4*Параметры!$B$2/Параметры!$B$3*Параметры!$B$10*Параметры!$B$4)*(Параметры!$B$6*Параметры!$B$7/Параметры!$B$8*1E-24))*(A10*0.0000001)/SIN(RADIANS(Параметры!$B$9))) -> 0.00067469146 | C10: =1-EXP(-((4*Параметры!$B$2/Параметры!$B$3*Параметры!$B$10*Параметры!$B$5)*(Параметры!$B$6*Параметры!$B$7/Параметры!$B$8*1E-24))*(A10*0.0000001)/SIN(RADIANS(Параметры!$B$9))) -> 0.0030325288
A11: 90 | B11: =1-EXP(-((4*Параметры!$B$2/Параметры!$B$3*Параметры!$B$10*Параметры!$B$4)*(Параметры!$B$6*Параметры!$B$7/Параметры!$B$8*1E-24))*(A11*0.0000001)/SIN(RADIANS(Параметры!$B$9))) -> 0.00075899588 | C11: =1-EXP(-((4*Параметры!$B$2/Параметры!$B$3*Параметры!$B$10*Параметры!$B$5)*(Параметры!$B$6*Параметры!$B$7/Параметры!$B$8*1E-24))*(A11*0.0000001)/SIN(RADIANS(Параметры!$B$9))) -> 0.0034109477
A12: 100 | B12: =1-EXP(-((4*Параметры!$B$2/Параметры!$B$3*Параметры!$B$10*Параметры!$B$4)*(Параметры!$B$6*Параметры!$B$7/Параметры!$B$8*1E-24))*(A12*0.0000001)/SIN(RADIANS(Параметры!$B$9))) -> 0.00084329319 | C12: =1-EXP(-((4*Параметры!$B$2/Параметры!$B$3*Параметры!$B$10*Параметры!$B$5)*(Параметры!$B$6*Параметры!$B$7/Параметры!$B$8*1E-24))*(A12*0.0000001)/SIN(RADIANS(Параметры!$B$9))) -> 0.003789223
A13: 110 | B13: =1-EXP(-((4*Параметры!$B$2/Параметры!$B$3*Параметры!$B$10*Параметры!$B$4)*(Параметры!$B$6*Параметры!$B$7/Параметры!$B$8*1E-24))*(A13*0.0000001)/SIN(RADIANS(Параметры!$B$9))) -> 0.00092758338 | C13: =1-EXP(-((4*Параметры!$B$2/Параметры!$B$3*Параметры!$B$10*Параметры!$B$5)*(Параметры!$B$6*Параметры!$B$7/Параметры!$B$8*1E-24))*(A13*0.0000001)/SIN(RADIANS(Параметры!$B$9))) -> 0.0041673547
A14: 120 | B14: =1-EXP(-((4*Параметры!$B$2/Параметры!$B$3*Параметры!$B$10*Параметры!$B$4)*(Параметры!$B$6*Параметры!$B$7/Параметры!$B$8*1E-24))*(A14*0.0000001)/SIN(RADIANS(Параметры!$B$9))) -> 0.0010118665 | C14: =1-EXP(-((4*Параметры!$B$2/Параметры!$B$3*Параметры!$B$10*Параметры!$B$5)*(Параметры!$B$6*Параметры!$B$7/Параметры!$B$8*1E-24))*(A14*0.0000001)/SIN(RADIANS(Параметры!$B$9))) -> 0.0045453429
A15: 130 | B15: =1-EXP(-((4*Параметры!$B$2/Параметры!$B$3*Параметры!$B$10*Параметры!$B$4)*(Параметры!$B$6*Параметры!$B$7/Параметры!$B$8*1E-24))*(A15*0.0000001)/SIN(RADIANS(Параметры!$B$9))) -> 0.0010961424 | C15: =1-EXP(-((4*Параметры!$B$2/Параметры!$B$3*Параметры!$B$10*Параметры!$B$5)*(Параметры!$B$6*Параметры!$B$7/Параметры!$B$8*1E-24))*(A15*0.0000001)/SIN(RADIANS(Параметры!$B$9))) -> 0.0049231876
A16: 140 | B16: =1-EXP(-((4*Параметры!$B$2/Параметры!$B$3*Параметры!$B$10*Параметры!$B$4)*(Параметры!$B$6*Параметры!$B$7/Параметры!$B$8*1E-24))*(A16*0.0000001)/SIN(RADIANS(Параметры!$B$9))) -> 0.0011804113 | C16: =1-EXP(-((4*Параметры!$B$2/Параметры!$B$3*Параметры!$B$10*Параметры!$B$5)*(Параметры!$B$6*Параметры!$B$7/Параметры!$B$8*1E-24))*(A16*0.0000001)/SIN(RADIANS(Параметры!$B$9))) -> 0.0053008889
A17: 150 | B17: =1-EXP(-((4*Параметры!$B$2/Параметры!$B$3*Параметры!$B$10*Параметры!$B$4)*(Параметры!$B$6*Параметры!$B$7/Параметры!$B$8*1E-24))*(A17*0.0000001)/SIN(RADIANS(Параметры!$B$9))) -> 0.0012646731 | C17: =1-EXP(-((4*Параметры!$B$2/Параметры!$B$3*Параметры!$B$10*Параметры!$B$5)*(Параметры!$B$6*Параметры!$B$7/Параметры!$B$8*1E-24))*(A17*0.0000001)/SIN(RADIANS(Параметры!$B$9))) -> 0.0056784468
... A1002: 10000 | B1002: =1-EXP(-((4*Параметры!$B$2/Параметры!$B$3*Параметры!$B$10*Параметры!$B$4)*(Параметры!$B$6*Параметры!$B$7/Параметры!$B$8*1E-24))*(A1002*0.0000001)/SIN(RADIANS(Параметры!$B$9))) -> 0.080904179 | C1002: =1-EXP(-((4*Параметры!$B$2/Параметры!$B$3*Параметры!$B$10*Параметры!$B$5)*(Параметры!$B$6*Параметры!$B$7/Параметры!$B$8*1E-24))*(A1002*0.0000001)/SIN(RADIANS(Параметры!$B$9))) -> 0.31589375

Sheet График
A1: P(d) = 1 - exp[-Σd / sin(θ)] | J1: Данные вертикальных маркеров
J2: B₄C-50 X | K2: B₄C-50 Y | L2: B₄C-100 X | M2: B₄C-100 Y | N2: B₄C-200 X | O2: B₄C-200 Y | P2: B₄C-400 X | Q2: B₄C-400 Y | R2: Li X | S2: Li Y | T2: a X | U2: a Y
A3: Расчёт выполнен по экспоненциальному закону ослабления нейтронного пучка. График показывает вероятность захвата нейтрона в слое B₄C, а не полную эффективность регистрации детектора. Прямые нейтронные измерения исследуемых образцов не проводились. | J3: 50 | K3: 0 | L3: 100 | M3: 0 | N3: 200 | O3: 0 | P3: 400 | Q3: 0 | R3: 1700 | S3: 0 | T3: 3500 | U3: 0
J4: 50 | K4: 1 | L4: 100 | M4: 1 | N4: 200 | O4: 1 | P4: 400 | Q4: 1 | R4: 1700 | S4: 1 | T4: 3500 | U4: 1
J7: Исследуемые образцы
J8: Образец | K8: Номинальная толщина, нм | L8: P, природный бор | M8: P, обогащённый бор
J9: =Расчет!E2 -> B₄C-50 | K9: =Расчет!F2 -> 50 | L9: =Расчет!G2 -> 0.00042173552 | M9: =Расчет!H2 -> 0.0018964097
J10: =Расчет!E3 -> B₄C-100 | K10: =Расчет!F3 -> 100 | L10: =Расчет!G3 -> 0.00084329319 | M10: =Расчет!H3 -> 0.003789223
J11: =Расчет!E4 -> B₄C-200 | K11: =Расчет!F4 -> 200 | L11: =Расчет!G4 -> 0.0016858752 | M11: =Расчет!H4 -> 0.0075640878
J12: =Расчет!E5 -> B₄C-400 | K12: =Расчет!F5 -> 400 | L12: =Расчет!G5 -> 0.0033689083 | M12: =Расчет!H5 -> 0.01507096
